City_ID,City,Country,Lat,Lng,Max Temp,Humidity,Cloudiness,Wind Speed,Weather Description
0,Geraldton,AU,-28.7667,114.6,63.01,72,40,12.66,light rain
1,Rikitea,PF,-23.1203,-134.9692,74.43,75,1,12.12,clear sky
2,Kapaa,US,22.0752,-159.319,82.47,66,62,3.0,broken clouds
3,Puerto Ayora,EC,-0.7393,-90.3518,76.96,83,52,5.01,broken clouds
4,Mataura,NZ,-46.1927,168.8643,37.47,94,91,3.76,overcast clouds
5,Kruisfontein,ZA,-34.0033,24.7314,53.89,90,100,6.42,overcast clouds
6,Jamestown,US,42.097,-79.2353,81.3,70,76,4.0,broken clouds
7,Hilo,US,19.7297,-155.09,82.26,84,24,3.0,few clouds
8,Rawson,AR,-43.3002,-65.1023,46.44,55,0,7.29,clear sky
9,Paranaiba,BR,-19.6772,-51.1908,75.61,32,13,4.88,few clouds
10,Srednekolymsk,RU,67.45,153.6833,64.47,45,16,4.09,few clouds
11,Yellowknife,CA,62.456,-114.3525,55.92,47,75,5.75,broken clouds
12,Muros,ES,42.7762,-9.0603,63.23,75,99,6.22,overcast clouds
13,Caiaponia,BR,-16.9567,-51.8103,72.5,33,38,4.41,scattered clouds
14,Hermanus,ZA,-34.4187,19.2345,53.91,87,100,22.5,moderate rain
15,Klyuchi,RU,52.2667,79.1667,60.67,95,57,7.25,broken clouds
16,Busselton,AU,-33.65,115.3333,53.1,53,100,22.93,overcast clouds
17,North Branch,US,45.5113,-92.9802,79.14,80,100,7.58,overcast clouds
18,Ponta Do Sol,PT,32.6667,-17.1,71.01,75,27,3.4,scattered clouds
19,Kodiak,US,57.79,-152.4072,57.6,67,74,4.18,broken clouds
20,Severo-Kurilsk,RU,50.6789,156.125,55.27,89,50,12.08,scattered clouds
21,Bermejo,AR,-32.8833,-68.8,51.71,30,90,13.8,overcast clouds
22,Cabimas,VE,10.3883,-71.4399,87.44,61,77,7.29,broken clouds
23,Bluff,NZ,-46.6,168.3333,37.8,69,94,13.4,overcast clouds
24,Porbandar,IN,21.6422,69.6093,81.07,76,91,8.55,overcast clouds
25,Milledgeville,US,33.0801,-83.2321,88.99,62,97,3.83,overcast clouds
26,Tuktoyaktuk,CA,69.4541,-133.0374,48.2,76,90,9.22,overcast clouds
27,Grindavik,IS,63.8424,-22.4338,60.75,88,0,14.97,clear sky
28,Talnakh,RU,69.4865,88.3972,58.64,62,1,3.78,clear sky
29,Nikolskoye,RU,59.7035,30.7861,64.02,96,99,4.5,overcast clouds
30,Albany,US,42.6001,-73.9662,86.67,56,20,6.35,few clouds
31,Kaitangata,NZ,-46.2817,169.8464,38.91,83,90,8.95,overcast clouds
32,Hithadhoo,MV,-0.6,73.0833,80.29,76,100,3.4,overcast clouds
33,Batagay,RU,67.6333,134.6333,72.45,35,16,1.86,few clouds
34,Horasan,TR,40.0458,42.1728,65.25,65,82,4.0,broken clouds
35,Qaanaaq,GL,77.484,-69.3632,40.44,72,20,3.04,few clouds
36,Lavrentiya,RU,65.5833,-171.0,47.62,70,47,13.94,scattered clouds
37,Falun,SE,60.6036,15.626,57.94,95,100,3.56,overcast clouds
38,New Norfolk,AU,-42.7826,147.0587,44.74,84,28,2.84,scattered clouds
39,Norman Wells,CA,65.282,-126.8329,55.44,58,75,12.66,broken clouds
40,Provideniya,RU,64.3833,-173.3,46.51,76,75,8.95,broken clouds
41,Mudgee,AU,-32.5943,149.5871,44.65,93,75,1.14,broken clouds
42,Beringovskiy,RU,63.05,179.3167,43.63,86,100,20.76,light rain
43,Labuhan,ID,-6.8844,112.2051,77.02,89,46,8.52,scattered clouds
44,Saint-Pierre,RE,-21.3393,55.4781,67.64,71,0,8.05,clear sky
45,Santa Rosa,PH,14.3122,121.1114,80.58,87,90,3.98,overcast clouds
46,Port Elizabeth,ZA,-33.918,25.5701,56.1,82,93,8.9,overcast clouds
47,Saint-Francois,FR,46.4154,3.9054,59.18,90,0,1.14,clear sky
48,Harper,LR,4.375,-7.7169,76.23,85,38,11.27,light rain
49,Atuona,PF,-9.8,-139.0333,77.76,79,24,21.0,light rain
50,Sinnamary,GF,5.3833,-52.95,80.82,80,90,13.09,overcast clouds
51,Souillac,MU,-20.5167,57.5167,68.38,94,75,8.05,light rain
52,Pisco,PE,-13.7,-76.2167,64.45,72,75,19.57,broken clouds
53,Carnarvon,AU,-24.8667,113.6333,59.07,85,75,4.61,broken clouds
54,Saint-Philippe,RE,-21.3585,55.7679,67.55,84,27,8.41,light rain
55,Arona,ES,28.0996,-16.681,67.82,72,75,4.0,broken clouds
56,Sao Paulo De Olivenca,BR,-3.3783,-68.8725,82.04,66,96,0.87,heavy intensity rain
57,Tlachichuca,MX,19.1,-97.4167,61.05,72,83,7.27,broken clouds
58,Cape Town,ZA,-33.9258,18.4232,55.81,92,75,3.0,light rain
59,Paka,MY,4.6374,103.4368,75.13,94,22,0.0,few clouds
60,Vaini,TO,-21.2,-175.2,71.76,78,75,0.0,broken clouds
61,Bandarbeyla,SO,9.4942,50.8122,76.17,84,63,28.3,broken clouds
62,Cidreira,BR,-30.1811,-50.2056,60.31,91,1,8.99,clear sky
63,Kudahuvadhoo,MV,2.6708,72.8944,82.78,73,100,11.3,overcast clouds
64,Yilan,TW,24.757,121.753,83.08,92,85,2.53,overcast clouds
65,Hambantota,LK,6.1241,81.1185,79.14,94,1,9.22,clear sky
66,Leh,IN,34.1667,77.5833,60.49,54,19,5.35,few clouds
67,Ushuaia,AR,-54.8,-68.3,42.46,61,75,6.91,broken clouds
68,Weligama,LK,5.9667,80.4167,77.0,89,95,10.11,overcast clouds
69,Taoudenni,ML,22.6783,-3.9836,103.03,8,12,12.57,few clouds
70,Acapulco,MX,16.8634,-99.8901,86.25,66,70,9.66,broken clouds
71,Vilyuysk,RU,63.7553,121.6247,68.83,68,95,7.02,overcast clouds
72,Butaritari,KI,3.0707,172.7902,83.64,62,56,11.34,broken clouds
73,Sisimiut,GL,66.9395,-53.6735,43.38,80,97,3.89,overcast clouds
74,Punta Arenas,CL,-53.15,-70.9167,41.11,75,90,17.27,overcast clouds
75,Tual,ID,-5.6667,132.75,80.01,80,100,18.45,overcast clouds
76,Mahebourg,MU,-20.4081,57.7,68.29,94,75,8.05,light rain
77,Nanortalik,GL,60.1432,-45.2371,43.63,88,34,13.11,scattered clouds
78,Hamilton,US,39.1834,-84.5333,91.72,56,20,3.0,few clouds
79,Wau,SS,7.7029,27.9953,70.43,95,100,1.57,overcast clouds
80,Iqaluit,CA,63.7506,-68.5145,44.33,87,90,8.05,light rain
81,Mecca,SA,21.4267,39.8261,91.53,32,68,3.94,broken clouds
82,Clyde River,CA,70.4692,-68.5914,46.63,81,40,13.8,scattered clouds
83,Ranong,TH,9.9658,98.6348,79.27,88,76,6.96,broken clouds
84,Hirara,JP,24.8,125.2833,79.07,100,75,8.05,mist
85,Kapiri Mposhi,ZM,-13.9652,28.6809,57.74,40,0,6.17,clear sky
86,Salalah,OM,17.0151,54.0924,76.53,89,89,5.64,overcast clouds
87,Georgetown,MY,5.4112,100.3354,81.9,83,20,3.44,few clouds
88,Caravelas,BR,-17.7125,-39.2481,68.81,80,1,6.6,clear sky
89,Saskylakh,RU,71.9167,114.0833,60.04,67,100,5.88,overcast clouds
90,Tuzha,RU,57.6062,47.936,62.98,72,89,8.48,overcast clouds
91,Bethel,US,41.3712,-73.414,81.43,74,92,4.65,light rain
92,Pevek,RU,69.7008,170.3133,37.78,80,18,11.25,few clouds
93,Arraial Do Cabo,BR,-22.9661,-42.0278,69.76,78,0,17.27,clear sky
94,Komsomolskiy,UZ,40.4272,71.7189,77.72,33,0,9.22,clear sky
95,Verkhnevilyuysk,RU,63.4453,120.3167,65.37,84,100,1.14,overcast clouds
96,Bengkulu,ID,-3.8004,102.2655,75.67,89,49,3.6,scattered clouds
97,Grand Gaube,MU,-20.0064,57.6608,68.4,89,83,4.0,light rain
98,Flinders,AU,-34.5833,150.8552,50.18,86,99,6.24,overcast clouds
99,Narsaq,GL,60.9167,-46.05,46.76,67,9,9.35,clear sky
100,Bredasdorp,ZA,-34.5322,20.0403,56.52,72,100,9.22,moderate rain
101,Chabahar,IR,25.2919,60.643,81.63,84,13,9.84,few clouds
102,Misratah,LY,32.3754,15.0925,81.36,72,0,12.77,clear sky
103,Leamington,CA,42.0549,-82.6062,88.03,91,69,11.01,broken clouds
104,Batemans Bay,AU,-35.7167,150.1833,45.91,71,46,2.75,scattered clouds
105,Klaksvik,FO,62.2266,-6.589,49.12,94,95,6.11,overcast clouds
106,Te Anau,NZ,-45.4167,167.7167,34.97,91,80,0.96,broken clouds
107,Chokurdakh,RU,70.6333,147.9167,63.41,48,47,14.03,scattered clouds
108,Penapolis,BR,-21.4197,-50.0775,80.62,31,6,6.04,clear sky
109,Lagoa,PT,39.05,-27.9833,72.16,86,14,19.91,few clouds
110,Coahuayana,MX,18.7333,-103.6833,88.65,66,46,8.88,scattered clouds
111,Anaconda,US,46.1285,-112.9423,56.97,53,98,5.17,overcast clouds
112,Broken Hill,AU,-31.95,141.4333,38.91,81,0,5.75,clear sky
113,Aberdeen,GB,57.1437,-2.0981,57.2,94,20,6.91,few clouds
114,Sukabumi,ID,-6.9181,106.9267,69.08,96,17,1.23,few clouds
115,Airai,TL,-8.9266,125.4092,54.07,88,29,1.9,scattered clouds
116,Port Alfred,ZA,-33.5906,26.891,60.08,83,61,14.0,broken clouds
117,Tasiilaq,GL,65.6145,-37.6368,42.26,94,100,20.09,light rain
118,Kizukuri,JP,40.8061,140.3861,77.41,92,100,14.0,heavy intensity rain
119,Saldanha,ZA,-33.0117,17.9442,55.45,89,100,15.97,light rain
120,Alofi,NU,-19.0595,-169.9187,75.09,94,100,6.91,light rain
121,Cairns,AU,-16.9167,145.7667,71.55,84,60,10.36,broken clouds
122,Noyabrsk,RU,63.1994,75.4507,60.3,63,11,8.61,few clouds
123,Miri,MY,4.4148,114.0089,78.94,83,40,4.61,scattered clouds
124,Kulhudhuffushi,MV,6.6221,73.07,82.29,70,99,16.46,overcast clouds
125,Dikson,RU,73.5069,80.5464,42.96,94,0,5.79,clear sky
126,Thompson,CA,55.7435,-97.8558,69.96,78,75,8.05,mist
127,Wasilla,US,61.5814,-149.4394,54.52,92,90,5.01,moderate rain
128,Portland,US,45.5234,-122.6762,80.2,45,57,1.99,broken clouds
129,Port Hardy,CA,50.6996,-127.4199,60.98,82,90,10.36,overcast clouds
130,Isiro,CD,2.7739,27.616,66.87,98,100,2.24,light rain
131,Cherskiy,RU,68.75,161.3,58.53,35,24,0.18,few clouds
132,Kimbe,PG,-5.5502,150.1429,77.31,87,82,3.09,broken clouds
133,Kavaratti,IN,10.5669,72.642,78.89,86,100,19.19,overcast clouds
134,Nouadhibou,MR,20.931,-17.0347,71.58,83,3,16.11,clear sky
135,Ust-Tsilma,RU,65.441,52.1498,43.54,94,72,2.93,broken clouds
136,Namatanai,PG,-3.6667,152.4333,80.65,78,67,6.67,broken clouds
137,Jatiroto,ID,-7.8833,111.1167,72.07,93,9,2.01,clear sky
138,Barinas,VE,8.6226,-70.2075,73.09,82,99,3.33,overcast clouds
139,Avarua,CK,-21.2078,-159.775,77.05,69,75,8.05,broken clouds
140,Lazaro Cardenas,MX,17.9583,-102.2,85.14,68,97,7.76,overcast clouds
141,Malartic,CA,48.1335,-78.1328,71.71,82,100,2.39,light rain
142,La Ronge,CA,55.1001,-105.2842,66.45,55,75,8.05,broken clouds
143,Namibe,AO,-15.1961,12.1522,63.5,81,39,5.44,scattered clouds
144,Udachnyy,RU,66.4167,112.4,55.08,82,27,2.82,scattered clouds
145,Le Vauclin,MQ,14.5452,-60.8388,86.13,74,20,9.22,few clouds
146,Shetpe,KZ,44.1667,52.1167,90.61,16,13,6.46,few clouds
147,Tripoli,LY,32.8752,13.1875,86.04,55,0,15.17,clear sky
148,Sitka,US,57.0531,-135.33,61.32,76,100,7.94,overcast clouds
149,Whitehorse,CA,60.7161,-135.0538,68.77,42,75,14.97,broken clouds
150,Ilulissat,GL,69.2167,-51.1,37.6,95,100,7.45,overcast clouds
151,Los Llanos De Aridane,ES,28.6585,-17.9182,69.55,97,90,8.05,overcast clouds
152,Castro,BR,-24.7911,-50.0119,61.74,59,99,3.89,overcast clouds
153,Dzilam Gonzalez,MX,21.2833,-88.9333,88.0,60,25,12.48,scattered clouds
154,Morondava,MG,-20.2833,44.2833,68.05,59,0,12.28,clear sky
155,Okha,RU,53.5739,142.9478,56.41,68,12,2.64,few clouds
156,Muscat,OM,23.6139,58.5922,87.73,73,17,7.45,few clouds
157,Tiksi,RU,71.6872,128.8694,49.44,75,46,4.41,scattered clouds
158,Upernavik,GL,72.7868,-56.1549,41.14,86,100,4.16,overcast clouds
159,Dingle,PH,10.9995,122.6711,76.14,91,100,2.35,light rain
160,Camacha,PT,33.0833,-16.3333,67.53,73,40,8.05,scattered clouds
161,Vestmannaeyjar,IS,63.4427,-20.2734,56.23,81,82,7.52,broken clouds
162,East London,ZA,-33.0153,27.9116,64.71,62,46,16.13,scattered clouds
163,Paarl,ZA,-33.7338,18.9752,54.72,98,100,8.23,moderate rain
164,Khatanga,RU,71.9667,102.5,52.43,72,100,10.83,overcast clouds
165,Biltine,TD,14.5333,20.9167,76.42,77,100,5.44,overcast clouds
166,Amilly,FR,47.9728,2.7719,61.54,85,99,5.91,overcast clouds
167,Marandahalli,IN,12.4,78.0,75.58,77,100,6.73,overcast clouds
168,Carson City,US,39.1638,-119.7674,95.65,13,1,8.99,haze
169,Bonfim,BR,3.0833,-59.95,80.82,80,80,1.66,broken clouds
170,Great Yarmouth,GB,52.6083,1.7305,59.95,84,40,16.24,scattered clouds
171,Ribeira Grande,PT,38.5167,-28.7,72.82,87,72,16.28,broken clouds
172,Tarakan,ID,3.3,117.6333,78.3,83,40,5.75,scattered clouds
173,Shawinigan,CA,46.5668,-72.7491,78.04,57,65,3.44,broken clouds
174,Olafsvik,IS,64.8945,-23.7142,56.77,80,100,7.47,overcast clouds
175,Okhotsk,RU,59.3833,143.3,62.92,71,16,5.03,few clouds
176,Arlit,NE,18.7369,7.3853,97.66,23,98,6.42,overcast clouds
177,Fortuna,US,40.5982,-124.1573,88.2,79,75,1.99,broken clouds
178,Makakilo City,US,21.3469,-158.0858,81.28,72,11,14.58,few clouds
179,Nome,US,64.5011,-165.4064,57.16,82,100,13.62,overcast clouds
180,Kununurra,AU,-15.7667,128.7333,57.18,77,0,5.75,clear sky
181,Doha,QA,25.2867,51.5333,94.98,79,1,11.5,clear sky
182,Kutum,SD,14.2,24.6667,69.49,77,47,12.73,scattered clouds
183,Daru,PG,-9.0763,143.2092,76.15,89,100,16.84,overcast clouds
184,Angouleme,FR,45.65,0.15,61.75,74,0,3.44,clear sky
185,Sungaipenuh,ID,-2.0833,101.3833,63.77,95,60,3.2,moderate rain
186,Sar-E Pul,AF,35.8333,66.1667,68.49,23,0,6.82,clear sky
187,Waingapu,ID,-9.6567,120.2641,72.48,78,54,8.1,broken clouds
188,Pokhara,NP,28.2333,83.9833,72.75,89,94,2.42,light rain
189,Bafata,GW,12.1667,-14.75,74.1,97,100,3.98,overcast clouds
190,Vysokogornyy,RU,50.1167,139.15,47.41,98,100,4.05,overcast clouds
191,Pasighat,IN,28.0667,95.3333,78.22,99,100,2.26,moderate rain
192,Zhumadian,CN,32.9794,114.0294,74.32,91,100,1.79,light rain
193,Vila Franca Do Campo,PT,37.7167,-25.4333,72.01,88,48,10.96,light rain
194,Price,US,39.5994,-110.8107,92.12,10,1,14.65,clear sky
195,Le Pradet,FR,43.1066,6.0172,75.79,63,0,3.44,clear sky
196,Rio Grande,BR,-32.035,-52.0986,62.37,82,92,8.21,overcast clouds
197,Merauke,ID,-8.4667,140.3333,75.67,88,96,11.03,overcast clouds
198,Pochutla,MX,15.7432,-96.4661,85.82,72,88,7.63,overcast clouds
199,Bambous Virieux,MU,-20.3428,57.7575,68.25,94,75,8.05,light rain
200,Ancud,CL,-41.8697,-73.8203,47.43,77,14,2.59,few clouds
201,Victoria,HK,22.2855,114.1577,85.32,89,100,1.01,light rain
202,Coquimbo,CL,-29.9533,-71.3436,54.93,68,9,7.0,clear sky
203,Hobart,AU,-42.8794,147.3294,45.1,89,40,1.01,scattered clouds
204,Saint-Augustin,CA,51.226,-58.6502,61.66,60,3,9.64,clear sky
205,Union,US,40.6334,-74.2663,82.74,70,90,8.05,overcast clouds
206,Havre-Saint-Pierre,CA,50.2334,-63.5986,60.28,63,2,13.18,clear sky
207,Manokwari,ID,-0.8667,134.0833,78.39,77,85,4.16,overcast clouds
208,Zunyi,CN,27.6867,106.9072,72.72,96,100,2.21,moderate rain
209,Petauke,ZM,-14.2426,31.3253,63.59,33,0,8.79,clear sky
210,Letlhakane,BW,-21.4167,25.5833,59.68,33,0,6.29,clear sky
211,Altamont,US,42.2068,-121.7372,87.78,19,4,4.0,clear sky
212,Divnogorsk,RU,55.9594,92.3619,55.89,93,14,1.97,few clouds
213,Guerrero Negro,MX,27.9769,-114.0611,79.95,57,5,13.98,clear sky
214,Mandera,KE,3.9366,41.867,77.68,57,78,20.94,broken clouds
215,Belaya Gora,RU,68.5333,146.4167,65.28,40,91,5.37,overcast clouds
216,Sosnovo-Ozerskoye,RU,52.5249,111.5418,47.84,95,30,4.65,scattered clouds
217,Alta Floresta,BR,-9.8756,-56.0861,85.05,29,21,2.82,few clouds
218,Viesca,MX,25.35,-102.8,92.35,23,1,4.0,clear sky
219,Yar-Sale,RU,66.8333,70.8333,53.65,57,100,16.4,overcast clouds
220,Husavik,IS,66.0449,-17.3389,55.18,86,39,3.6,scattered clouds
221,Luderitz,NA,-26.6481,15.1594,55.27,85,89,7.0,overcast clouds
222,Odweyne,SO,9.4092,45.064,77.27,50,70,8.43,broken clouds
223,Babu,CN,24.4167,111.5167,78.78,94,100,1.72,overcast clouds
224,Mount Isa,AU,-20.7333,139.5,46.17,53,0,2.3,clear sky
225,Flin Flon,CA,54.7682,-101.865,64.54,77,86,6.29,overcast clouds
226,Sabang,ID,5.8933,95.3214,82.42,78,85,15.17,overcast clouds
227,High Wycombe,GB,51.6291,-0.7493,59.25,87,28,7.29,scattered clouds
228,Whithorn,JM,18.2604,-78.0378,82.44,67,63,0.87,light rain
229,Barrow,US,71.2906,-156.7887,35.56,88,100,10.13,overcast clouds
230,Panama City,PA,8.9936,-79.5197,78.17,99,100,4.07,overcast clouds
231,Riyadh,SA,24.6877,46.7219,96.94,19,33,8.25,scattered clouds
232,Esperance,AU,-33.8667,121.9,61.38,76,1,21.36,clear sky
233,Businga,CD,3.3333,20.8833,70.63,91,100,2.13,overcast clouds
234,Sarkand,KZ,45.41,79.9186,72.36,31,0,10.69,clear sky
235,Shimoda,JP,34.6667,138.95,80.65,92,58,18.61,broken clouds
236,Saint-Joseph,RE,-21.3667,55.6167,66.56,80,13,4.5,few clouds
237,Lichinga,MZ,-13.3128,35.2406,56.53,58,0,4.12,clear sky
238,Atar,MR,20.5169,-13.0499,96.26,27,7,4.07,clear sky
239,Meaford,CA,44.6001,-80.583,79.61,83,100,6.78,overcast clouds
240,Jalu,LY,29.0331,21.5482,87.98,24,0,9.57,clear sky
241,Ruidoso,US,33.3317,-105.673,89.46,22,1,4.61,clear sky
242,Palu,ID,-0.8917,119.8707,73.96,93,94,2.93,overcast clouds
243,Itamarandiba,BR,-17.8572,-42.8589,59.29,81,86,4.0,overcast clouds
244,Karratha,AU,-20.7377,116.8463,66.51,57,39,5.28,light rain
245,Muroto,JP,33.2833,134.15,80.64,85,85,37.87,overcast clouds
246,Emilio Carranza,MX,19.9711,-96.6114,86.65,64,18,15.32,few clouds
247,Hualmay,PE,-11.0964,-77.6139,64.36,78,38,14.09,scattered clouds
248,Angoram,PG,-4.0625,144.0661,74.39,96,91,1.92,overcast clouds
249,Longido,TZ,-2.7333,36.6833,65.39,60,92,10.16,overcast clouds
250,Itarema,BR,-2.9248,-39.9167,79.25,76,6,18.72,clear sky
251,Evensk,RU,61.95,159.2333,60.91,49,34,10.45,scattered clouds
252,Grand Island,US,40.925,-98.342,85.78,15,0,4.61,clear sky
253,Kavieng,PG,-2.5744,150.7967,82.31,75,99,10.51,light rain
254,Great Falls,US,47.5002,-111.3008,55.67,94,90,3.44,light rain
255,Rosetta,EG,31.4044,30.4164,80.08,82,0,11.01,clear sky
256,Kahului,US,20.8947,-156.47,85.96,64,16,8.66,few clouds
257,Bosaso,SO,11.2842,49.1816,92.07,42,57,10.56,broken clouds
258,Shizilu,CN,35.1711,118.8289,72.16,85,97,1.9,light rain
259,Nanyamba,TZ,-10.6833,39.8333,63.01,98,3,3.51,clear sky
260,Berlevag,NO,70.8578,29.0864,58.48,66,8,9.31,clear sky
261,Yenagoa,NG,4.9247,6.2642,72.28,93,100,3.36,overcast clouds
262,Tuatapere,NZ,-46.1333,167.6833,38.82,89,99,6.2,overcast clouds
263,Olinda,BR,-8.0089,-34.8553,76.73,78,75,10.36,broken clouds
264,Tera,NE,14.0078,0.7531,91.96,43,99,12.66,overcast clouds
265,Redwater,US,33.3582,-94.2544,94.82,56,62,11.52,broken clouds
266,Plerin,FR,48.5425,-2.7798,60.21,86,0,4.0,clear sky
267,Atchison,US,39.563,-95.1216,88.65,67,62,17.16,broken clouds
268,Torit,SS,4.4133,32.5678,70.11,92,100,1.61,overcast clouds
269,College,US,64.8569,-147.8028,64.58,79,90,5.75,overcast clouds
270,Vostok,RU,46.4856,135.8833,53.42,88,100,4.7,overcast clouds
271,Tecoanapa,MX,16.5167,-98.75,84.97,71,21,10.92,few clouds
272,Roald,NO,62.5833,6.1333,59.32,77,49,2.98,scattered clouds
273,Tura,IN,25.5198,90.2201,74.88,98,97,5.66,overcast clouds
274,Lebu,CL,-37.6167,-73.65,46.33,77,6,7.18,clear sky
275,Rixheim,FR,47.7514,7.4009,60.26,90,46,1.99,scattered clouds
276,Najran,SA,17.4924,44.1277,84.79,23,63,4.03,broken clouds
277,Sarangani,PH,5.4033,125.4636,81.52,69,99,3.0,overcast clouds
278,Mumford,GH,5.2618,-0.759,75.25,90,70,12.24,broken clouds
279,Mahenge,TZ,-8.6833,36.7167,60.42,55,0,1.12,clear sky
280,Meulaboh,ID,4.1363,96.1285,76.53,92,95,6.58,overcast clouds
281,Estevan,CA,49.1334,-102.9842,91.74,25,16,19.53,few clouds
282,Osa,RU,57.2829,55.4567,52.23,93,40,3.11,scattered clouds
283,La Palma,US,33.8464,-118.0467,105.04,57,1,5.01,clear sky
284,Mar Del Plata,AR,-38.0023,-57.5575,43.93,82,100,7.72,light rain
285,Port Hawkesbury,CA,45.6169,-61.3485,71.44,81,66,7.0,broken clouds
286,Chuy,UY,-33.6971,-53.4616,58.51,94,100,10.49,overcast clouds
287,Kotma,IN,23.2,81.9667,76.89,84,100,2.77,overcast clouds
288,Masterton,NZ,-40.9597,175.6575,43.77,73,100,14.52,overcast clouds
289,San Patricio,US,28.017,-97.5169,93.92,55,29,19.77,scattered clouds
290,Shwebo,MM,22.5667,95.7,78.94,84,100,8.75,overcast clouds
291,Morehead,US,37.2711,-87.1764,89.85,57,40,8.05,scattered clouds
292,Westport,US,41.1415,-73.3579,82.62,89,93,8.5,overcast clouds
293,Luancheng,CN,37.8792,114.6517,69.89,83,10,1.36,light rain
294,Laguna,US,38.421,-121.4238,101.32,32,1,4.0,clear sky
295,Waipawa,NZ,-41.4122,175.5153,42.46,63,97,23.0,overcast clouds
296,Fairbanks,US,64.8378,-147.7164,64.09,79,100,4.7,light rain
297,Torbay,CA,47.6666,-52.7314,57.76,92,90,17.27,light intensity shower rain
298,Coihaique,CL,-45.5752,-72.0662,34.07,95,28,4.16,scattered clouds
299,Kudat,MY,6.8837,116.8477,78.98,86,100,4.81,overcast clouds
300,Port-Gentil,GA,-0.7193,8.7815,75.24,83,32,11.95,scattered clouds
301,Hereford,GB,52.0568,-2.7148,60.26,65,28,7.96,scattered clouds
302,Porgera,PG,-5.4667,143.2,44.08,98,99,1.45,overcast clouds
303,Mount Gambier,AU,-37.8333,140.7667,44.55,79,100,7.96,overcast clouds
304,Hurghada,EG,27.2574,33.8129,89.94,28,0,13.58,clear sky
305,Frunze,UA,48.6686,38.7544,72.45,73,50,1.81,scattered clouds
306,Alice Town,BS,25.7167,-79.3,84.43,70,1,6.98,clear sky
307,Lompoc,US,34.6391,-120.4579,82.22,72,90,5.99,overcast clouds
308,Longyearbyen,SJ,78.2186,15.6401,40.84,93,75,8.05,broken clouds
309,Vardo,NO,70.3705,31.1107,53.8,79,6,6.31,clear sky
310,Mazagao,BR,-0.115,-51.2894,81.18,71,94,5.75,overcast clouds
311,Sann,PK,26.0418,68.1378,83.25,67,0,19.08,clear sky
312,Kedrovyy,RU,56.1667,91.8167,54.01,94,22,1.83,few clouds
313,Asyut,EG,27.181,31.1837,89.6,20,0,9.06,clear sky
314,Artyom,AZ,40.4723,50.333,82.54,63,7,8.14,clear sky
315,Saint George,US,37.1041,-113.5841,104.47,12,0,8.99,clear sky
316,Poykovskiy,RU,61.2333,73.3333,64.69,100,40,4.47,mist
317,Winnemucca,US,40.973,-117.7357,93.25,12,90,16.11,haze
318,Boende,CD,-0.2167,20.8667,73.58,74,51,1.36,light rain
319,Omboue,GA,-1.5746,9.2618,73.33,86,67,7.34,broken clouds
320,Rorvik,NO,64.8621,11.2373,57.96,84,75,11.45,broken clouds
321,Iskateley,RU,67.6803,53.1512,44.19,93,4,2.98,clear sky
322,Madang,PG,-5.2246,145.7966,77.45,87,75,2.26,broken clouds
323,Alice Springs,AU,-23.7,133.8833,35.15,55,0,3.44,clear sky
324,Maputo,MZ,-25.9653,32.5892,62.28,77,20,6.91,few clouds
325,Shache,CN,38.4167,77.2406,73.89,42,100,6.26,overcast clouds
326,Trairi,BR,-3.2778,-39.2689,78.91,78,8,14.61,clear sky
327,Deputatskiy,RU,69.3,139.9,62.35,54,53,3.4,broken clouds
328,Bajil,YE,15.0584,43.2851,88.81,57,44,2.59,scattered clouds
329,Ponta Delgada,PT,37.7333,-25.6667,72.32,83,75,13.8,broken clouds
330,Ilinskiy,RU,55.619,38.1182,69.31,100,4,2.24,mist
331,Zaykovo,RU,57.5613,62.7568,58.57,98,31,7.7,scattered clouds
332,Lilongwe,MW,-13.9669,33.7873,62.26,49,0,4.72,clear sky
333,Opuwo,NA,-18.0607,13.84,61.88,25,11,3.11,few clouds
334,Bathsheba,BB,13.2167,-59.5167,81.77,76,100,18.99,overcast clouds
335,Ohafia,NG,5.6167,7.8333,70.61,98,99,4.05,light rain
336,Itupiranga,BR,-5.1347,-49.3267,84.52,40,12,1.07,few clouds
337,Quatre Cocos,MU,-20.2078,57.7625,68.09,87,91,19.89,light rain
338,Vuktyl,RU,63.8567,57.3094,49.96,93,100,7.07,overcast clouds
339,Majenang,ID,-7.2975,108.7642,74.17,98,55,1.12,broken clouds
340,Carhuamayo,PE,-10.9167,-76.0333,46.15,56,34,11.99,scattered clouds
341,Skibotn,NO,69.3913,20.2679,68.0,87,100,9.48,overcast clouds
342,Adrar,MR,20.5022,-10.0711,89.62,16,10,10.74,clear sky
343,Mikhaylovka,RU,50.06,43.2379,86.45,20,100,18.1,overcast clouds
344,Vao,NC,-22.6667,167.4833,67.78,56,40,15.9,scattered clouds
345,Chifeng,CN,42.2683,118.9636,70.3,74,100,2.42,heavy intensity rain
346,Port Lincoln,AU,-34.7333,135.8667,54.16,56,27,15.73,scattered clouds
347,Gimli,CA,50.6336,-96.9907,78.82,69,30,19.57,scattered clouds
348,Emerald,AU,-23.5333,148.1667,48.34,49,0,5.75,clear sky
349,Porto Novo,BJ,6.4965,2.6036,75.76,90,100,8.95,light rain
350,Nuevo Casas Grandes,MX,30.4167,-107.9167,85.75,36,35,15.01,scattered clouds
351,Aklavik,CA,68.2191,-135.0107,57.96,43,6,4.23,clear sky
352,Manta,EC,-0.95,-80.7333,74.07,77,76,11.23,broken clouds
353,Pali,IN,25.7667,73.3333,86.04,59,100,13.11,overcast clouds
354,Fort Nelson,CA,58.8053,-122.7002,73.87,46,76,2.06,broken clouds
355,Luwuk,ID,-0.9516,122.7875,74.89,91,94,4.81,overcast clouds
356,Rocha,UY,-34.4833,-54.3333,53.2,91,100,16.8,overcast clouds
357,Sobolevo,RU,54.4299,31.8996,60.24,77,65,3.44,broken clouds
358,Zatoka,UA,46.0725,30.4654,64.94,63,0,11.86,clear sky
359,Birao,CF,10.2849,22.7882,69.62,97,100,3.18,overcast clouds
360,Khani,GE,41.9563,42.9566,63.97,91,83,3.4,broken clouds
361,Pitimbu,BR,-7.4706,-34.8086,77.59,82,21,12.08,few clouds
362,Ahipara,NZ,-35.1667,173.1667,49.78,76,94,17.36,light rain
363,Bulgan,MN,48.8125,103.5347,48.87,82,43,1.59,scattered clouds
364,Red Deer,CA,52.2668,-113.802,68.49,42,20,11.5,few clouds
365,Bitung,ID,1.4451,125.1824,72.45,86,94,8.55,overcast clouds
366,Boyuibe,BO,-20.4167,-63.2833,81.48,30,2,12.53,clear sky
367,Port Blair,IN,11.6667,92.75,81.95,83,100,10.76,overcast clouds
368,Banepa,NP,27.6298,85.5214,68.32,100,75,2.3,broken clouds
369,Lexington,US,37.9887,-84.4777,89.49,54,50,1.01,scattered clouds
370,Constantine,DZ,36.365,6.6147,79.66,54,5,3.27,clear sky
371,Praya,CV,14.9215,-23.5087,79.34,89,20,4.61,few clouds
372,Lasa,IT,46.6166,10.7002,57.36,92,28,1.9,scattered clouds
373,Guanica,PR,17.9716,-66.908,87.21,76,100,18.12,overcast clouds
374,Kurchum,KZ,48.5722,83.6542,67.01,38,57,6.82,broken clouds
375,Reims,FR,49.1667,4.0833,59.81,82,0,0.0,clear sky
376,Agdas,AZ,40.65,47.4761,86.68,30,94,3.0,overcast clouds
377,Rock Sound,BS,24.9,-76.2,83.43,71,68,9.57,broken clouds
378,Sorland,NO,67.667,12.6934,58.6,78,83,16.28,broken clouds
379,Toamasina,MG,-18.1667,49.3833,65.23,91,4,5.08,clear sky
380,Edgewater,US,28.9889,-80.9023,88.25,69,96,8.61,overcast clouds
381,Bridgetown,BB,13.1,-59.6167,82.02,76,100,19.3,overcast clouds
382,Holland,US,42.7875,-86.1089,88.48,52,26,3.0,scattered clouds
383,Macomb,US,40.4592,-90.6718,82.45,85,100,9.53,overcast clouds
384,Mindelo,CV,16.8901,-24.9804,77.61,91,19,6.8,few clouds
385,Jizan,SA,17.3333,42.6667,90.01,68,54,2.48,broken clouds
386,Oranjemund,NA,-28.55,16.4333,58.64,67,99,7.29,overcast clouds
387,Burnie,AU,-41.0667,145.9167,48.92,91,62,4.09,broken clouds
388,Lakatoro,VU,-16.0999,167.4164,77.04,75,100,12.73,overcast clouds
389,Beroroha,MG,-21.6667,45.1667,61.68,40,0,2.1,clear sky
390,Ossipee,US,43.6854,-71.1167,81.18,76,38,1.01,scattered clouds
391,Kindu,CD,-2.95,25.95,73.26,67,49,2.93,scattered clouds
392,Rundu,NA,-17.9333,19.7667,57.72,20,5,3.89,clear sky
393,Guhagar,IN,17.4842,73.1929,78.55,86,86,3.24,overcast clouds
394,Kumluca,TR,36.3703,30.2869,84.02,51,0,4.54,clear sky
395,Bubaque,GW,11.2833,-15.8333,79.54,79,100,10.87,moderate rain
396,Tessalit,ML,20.1986,1.0114,90.95,35,99,10.11,overcast clouds
397,Marsa Matruh,EG,31.3525,27.2453,78.58,65,0,10.33,clear sky
398,Carballo,ES,43.213,-8.691,62.87,93,98,1.68,overcast clouds
399,Gibara,CU,21.1097,-76.1317,84.29,71,26,15.05,scattered clouds
400,Tecolutla,MX,20.4833,-97.0167,87.31,64,28,17.18,scattered clouds
401,Seoul,KR,37.5683,126.9778,76.44,74,23,3.87,few clouds
402,Kardla,EE,58.9978,22.7492,63.05,97,100,4.14,overcast clouds
403,Somerset,US,40.5668,-74.5496,85.12,65,1,3.0,clear sky
404,Majene,ID,-3.5403,118.9707,75.61,90,43,6.89,scattered clouds
405,Nishihara,JP,26.1842,127.7558,80.26,94,75,12.66,broken clouds
406,San Quintin,MX,30.4833,-115.95,73.56,65,14,10.45,few clouds
407,Comodoro Rivadavia,AR,-45.8667,-67.5,47.43,52,0,7.05,clear sky
408,Limulunga,ZM,-15.0969,23.1376,61.57,31,0,6.55,clear sky
409,Alexandria,EG,31.2156,29.9553,80.49,77,0,10.6,clear sky
410,Santander,ES,43.4647,-3.8044,65.61,81,90,3.0,overcast clouds
411,Takoradi,GH,4.8845,-1.7554,75.9,88,75,9.01,broken clouds
412,Raboso,MX,18.5667,-98.45,72.23,44,22,4.25,few clouds
413,Along,IN,28.1667,94.7667,76.64,99,98,0.85,overcast clouds
414,Bud,US,39.447,-86.1758,87.91,60,83,5.21,broken clouds
415,Isangel,VU,-19.55,169.2667,71.04,68,100,13.56,overcast clouds
416,Tateyama,JP,34.9833,139.8667,84.22,88,85,23.62,overcast clouds
417,Axim,GH,4.8699,-2.2405,76.21,88,78,10.31,broken clouds
418,Bolanos De Calatrava,ES,38.9069,-3.6635,77.74,46,5,2.3,clear sky
419,Cap-Aux-Meules,CA,47.3821,-61.8597,61.68,79,2,11.56,clear sky
420,Adre,TD,13.4667,22.2,69.51,91,64,4.18,broken clouds
421,Surgut,RU,61.25,73.4167,64.58,100,40,4.47,mist
422,Asosa,ET,10.0667,34.5333,60.1,89,100,4.45,overcast clouds
423,La Libertad,EC,-2.2333,-80.9,70.36,82,61,10.92,broken clouds
424,Gambela,ET,8.25,34.5833,71.69,87,100,2.86,light rain
425,Srandakan,ID,-7.9386,110.2506,74.91,90,11,4.27,few clouds
426,Ulladulla,AU,-35.35,150.4667,54.05,66,99,4.18,overcast clouds
427,Tete,MZ,-16.1564,33.5867,64.49,55,0,3.44,clear sky
428,Chiang Rai,TH,19.9167,99.9167,74.01,93,100,1.7,overcast clouds
429,Sioux Lookout,CA,50.1001,-91.917,79.59,49,10,8.81,clear sky
430,Methoni,GR,36.8197,21.7049,81.21,69,0,10.49,clear sky
431,Jamsa,FI,61.8642,25.19,61.48,80,100,1.95,overcast clouds
432,Bonavista,CA,48.6499,-53.1147,56.12,78,82,18.14,broken clouds
433,Constitucion,CL,-35.3333,-72.4167,49.32,69,100,2.68,overcast clouds
434,Mariana,BR,-20.3778,-43.4161,61.45,74,91,1.9,overcast clouds
435,Bardiyah,LY,31.7561,25.0865,79.18,64,0,4.94,clear sky
436,Moose Factory,CA,51.2585,-80.6094,78.8,40,1,7.0,clear sky
437,Lorengau,PG,-2.0226,147.2712,81.93,78,80,8.37,broken clouds
438,Machali,CL,-34.1833,-70.6667,47.41,87,100,0.65,overcast clouds
439,Ubatuba,BR,-23.4339,-45.0711,66.52,75,11,2.35,few clouds
440,Bintulu,MY,3.1667,113.0333,77.81,88,100,3.62,overcast clouds
441,Marang,MY,5.2056,103.2059,77.77,87,25,3.89,scattered clouds
442,Shakawe,BW,-18.3667,21.85,60.66,21,0,3.49,clear sky
443,Platanos,GR,37.6667,21.6167,78.57,62,0,4.41,clear sky
444,Devgarh,IN,25.5333,73.9,78.51,73,94,13.09,overcast clouds
445,Elizabeth City,US,36.2946,-76.2511,84.99,73,24,1.99,few clouds
446,Kloulklubed,PW,7.0419,134.2556,77.5,74,100,11.18,moderate rain
447,Mailsi,PK,29.8003,72.1758,95.2,31,6,10.07,clear sky
448,Iturama,BR,-19.7281,-50.1956,74.16,33,6,4.97,clear sky
449,Katsuura,JP,35.1333,140.3,84.31,85,83,24.45,broken clouds
450,Praia Da Vitoria,PT,38.7333,-27.0667,71.76,89,11,18.05,few clouds
451,Yangjiang,CN,21.85,111.9667,80.96,88,99,2.24,overcast clouds
452,Melsomvik,NO,59.2239,10.3447,62.65,67,74,0.0,broken clouds
453,Kysyl-Syr,RU,63.8986,122.7617,68.63,62,93,8.97,overcast clouds
454,Keningau,MY,5.3378,116.1602,73.85,98,89,1.52,overcast clouds
455,Viedma,AR,-40.8135,-62.9967,45.18,59,89,7.49,overcast clouds
456,Kachug,RU,53.9606,105.8817,48.36,77,6,2.66,clear sky
457,Neiafu,TO,-18.65,-173.9833,74.16,79,100,9.42,overcast clouds
458,Asau,RO,46.4333,26.4,63.52,68,2,3.2,light rain
459,San Cristobal,VE,7.7669,-72.225,77.18,94,96,2.3,overcast clouds
460,Stara Synyava,UA,49.6032,27.6191,64.92,69,1,5.08,clear sky
461,Nemuro,JP,43.3236,145.575,63.84,89,100,24.54,overcast clouds
462,Rosarito,MX,32.3333,-117.0333,91.94,67,32,8.66,scattered clouds
463,Yulara,AU,-25.2406,130.9889,37.24,52,0,5.75,clear sky
464,Kupang,ID,-10.1667,123.5833,72.18,83,20,4.61,few clouds
465,Srivardhan,IN,18.0333,73.0167,79.54,85,79,3.85,broken clouds
466,Santa Ines,BR,-3.6667,-45.38,81.75,43,2,2.48,clear sky
467,Pau Dos Ferros,BR,-6.1125,-38.2063,83.98,42,89,8.68,overcast clouds
468,Bereda,ES,43.2686,-7.5406,58.75,96,66,2.89,broken clouds
469,Kailua,US,21.4022,-157.7394,83.14,67,30,15.01,scattered clouds
470,Benguela,AO,-12.5763,13.4055,72.73,82,88,4.38,overcast clouds
471,Camacupa,AO,-12.0167,17.4833,61.25,16,51,4.74,broken clouds
472,Prado,BR,-17.3411,-39.2208,69.89,78,10,7.56,clear sky
473,Warrnambool,AU,-38.3833,142.4833,45.81,74,95,10.54,overcast clouds
474,Boguchany,RU,58.3814,97.4531,56.82,77,65,3.67,broken clouds
475,Venado Tuerto,AR,-33.7456,-61.9688,42.76,91,100,15.59,overcast clouds
476,Talgar,KZ,43.3027,77.2395,69.96,31,20,4.47,few clouds
477,Moron,AR,-34.6534,-58.6198,48.0,98,75,8.99,thunderstorm with rain
478,Bakchar,RU,57.0186,82.0711,57.63,96,96,3.98,overcast clouds
479,Piazza Armerina,IT,37.3859,14.3672,76.41,54,0,1.66,clear sky
480,Pangnirtung,CA,66.1451,-65.7125,46.04,63,100,6.73,overcast clouds
481,Oranjestad,AW,12.524,-70.027,81.68,81,74,15.59,broken clouds
482,Barbosa Ferraz,BR,-24.03,-52.0117,67.59,49,0,3.09,clear sky
483,Bilibino,RU,68.0546,166.4372,56.05,36,79,2.01,broken clouds
484,Saharsa,IN,25.8833,86.6,79.79,90,93,4.56,overcast clouds
485,Bartlesville,US,36.7473,-95.9808,93.76,65,9,5.01,clear sky
486,Cileunyi,ID,-6.9389,107.7528,67.35,95,44,2.55,scattered clouds
487,High Level,CA,58.5169,-117.136,49.98,81,100,4.21,overcast clouds
488,Rantoul,US,40.3084,-88.1559,86.67,65,40,13.8,scattered clouds
489,Mersing,MY,2.4312,103.8405,77.11,88,95,3.83,overcast clouds
490,Kiunga,PG,-6.1219,141.2906,73.15,99,100,1.86,overcast clouds
491,Kasama,ZM,-10.2129,31.1808,56.26,53,0,3.69,clear sky
492,Sola,VU,-13.8833,167.55,76.03,86,100,23.22,light rain
493,Hondo,JP,32.45,130.2,78.75,83,92,20.87,overcast clouds
494,Qaqortoq,GL,60.7167,-46.0333,45.01,81,8,16.22,clear sky
495,Slave Lake,CA,55.2834,-114.769,64.72,51,68,5.95,broken clouds
496,Praia,CV,14.9215,-23.5087,79.34,89,20,4.61,few clouds
497,Kalmunai,LK,7.4167,81.8167,78.62,84,97,1.88,overcast clouds
498,Zharkent,KZ,44.1628,80.0,70.47,29,3,7.94,clear sky
499,Khandyga,RU,62.6667,135.6,66.33,49,11,0.07,few clouds
500,Pangkalanbuun,ID,-2.6833,111.6167,73.89,99,93,2.08,overcast clouds
501,Katangli,RU,51.7102,143.2326,55.06,83,100,5.68,overcast clouds
502,Igarka,RU,67.4667,86.5833,52.75,76,1,3.11,clear sky
503,Salmas,IR,38.1973,44.7653,74.44,37,41,0.98,scattered clouds
504,Bembereke,BJ,10.2283,2.6634,71.64,93,100,4.14,moderate rain
505,Gryazovets,RU,58.88,40.2525,59.36,96,6,3.91,clear sky
506,Mmathubudukwane,BW,-24.6,26.4333,57.78,37,0,3.09,clear sky
507,Shanhetun,CN,44.7,127.2,62.15,84,0,8.9,clear sky
508,Charagua,BO,-19.8,-63.2167,80.31,32,3,12.59,clear sky
509,Chenzhou,CN,25.8,113.0333,78.12,93,100,3.71,overcast clouds
510,Jieshi,CN,22.8134,115.8257,81.52,87,100,8.75,overcast clouds
511,Matay,EG,28.419,30.7792,84.81,35,0,13.09,clear sky
512,Bull Savanna,JM,17.8868,-77.5902,82.72,65,20,3.98,light rain
513,Odda,NO,60.0691,6.5457,63.77,73,80,4.36,broken clouds
514,Charters Towers,AU,-20.1,146.2667,60.15,82,0,10.85,clear sky
515,Moussoro,TD,13.6408,16.4901,77.16,68,61,11.39,broken clouds
516,Nelson Bay,AU,-32.7167,152.15,56.95,87,100,10.89,overcast clouds
517,Baykit,RU,61.67,96.37,56.1,88,98,2.73,light rain
518,Yumen,CN,40.2833,97.2,68.79,22,0,7.29,clear sky
519,Kaliua,TZ,-5.0606,31.7936,71.89,38,50,6.24,scattered clouds
520,Kushmurun,KZ,52.4503,64.6311,59.77,82,58,10.49,broken clouds
521,Orcopampa,PE,-15.2661,-72.3417,53.56,35,32,8.16,scattered clouds
522,Batsfjord,NO,70.6345,29.7185,53.82,67,7,6.73,clear sky
523,Cayenne,GF,4.9333,-52.3333,84.24,83,0,5.99,clear sky
524,Hasaki,JP,35.7333,140.8333,82.8,83,54,19.98,broken clouds
525,Dunedin,NZ,-45.8742,170.5036,37.8,81,88,5.01,overcast clouds
526,Predivinsk,RU,57.0669,93.4378,58.89,95,57,2.51,broken clouds
527,Ucluelet,CA,48.9329,-125.5528,78.1,74,10,5.37,clear sky
528,Dembi Dolo,ET,8.5333,34.8,57.04,95,100,3.24,light rain
529,Kieta,PG,-6.2167,155.6333,80.51,76,42,1.61,scattered clouds
530,Tortoli,IT,39.9256,9.6572,78.98,70,95,2.37,overcast clouds
531,Hobyo,SO,5.3505,48.5268,76.39,87,54,24.56,broken clouds
532,Impfondo,CG,1.6381,18.0667,73.58,78,93,3.47,overcast clouds
533,Uray,RU,60.1247,64.7758,62.64,85,99,8.66,overcast clouds
534,Leningradskiy,RU,69.3833,178.4167,40.44,75,26,18.07,scattered clouds
535,Weatherford,US,32.7593,-97.7972,97.16,47,5,1.99,clear sky
536,Norsup,VU,-16.0667,167.3833,77.25,74,100,12.84,overcast clouds
537,Faanui,PF,-16.4833,-151.75,78.89,77,21,13.13,few clouds
538,Zhangye,CN,38.9342,100.4517,67.84,39,0,5.64,clear sky
539,Ames,US,42.0347,-93.6199,84.45,71,40,10.36,scattered clouds
540,Marzuq,YE,14.4,46.4667,88.56,24,93,1.95,overcast clouds
541,Naze,JP,28.3667,129.4833,77.92,86,8,10.31,clear sky
542,Annau,TM,37.8876,58.516,91.58,16,0,4.41,clear sky
543,Castlerea,IE,53.7667,-8.5,55.04,95,27,6.73,scattered clouds
544,Greensburg,US,40.3015,-79.5389,87.17,67,1,8.99,clear sky
545,Marmora,IT,44.4583,7.094,59.0,52,5,8.46,clear sky
546,Urumqi,CN,43.801,87.6005,74.35,36,0,4.47,clear sky
547,Codrington,AU,-38.2667,141.9667,46.13,75,100,11.01,overcast clouds
548,Killybegs,IE,54.6333,-8.45,57.74,92,100,14.23,overcast clouds
549,Belyy Yar,RU,53.6039,91.3903,55.29,94,75,4.47,fog
550,Kamenka,RU,51.3223,42.7678,77.59,27,100,9.1,light rain
551,Ostrovnoy,RU,68.0531,39.5131,49.57,77,0,8.12,clear sky
552,Tautira,PF,-17.7333,-149.15,78.01,76,33,9.42,scattered clouds
553,Black Diamond,US,47.3087,-122.0032,74.21,56,64,1.99,broken clouds
554,Hay River,CA,60.8156,-115.7999,44.6,86,100,4.38,overcast clouds
555,Nalut,LY,30.3333,10.85,93.78,13,1,12.64,clear sky
556,Quarai,BR,-30.3875,-56.4514,69.85,68,16,9.17,few clouds
557,Rodrigues Alves,BR,-7.738,-72.6509,89.11,42,48,2.1,scattered clouds
558,Haines Junction,CA,60.7522,-137.5108,59.34,61,100,11.7,overcast clouds
559,Kamina,CD,-8.7386,24.9906,64.51,28,35,2.3,scattered clouds
560,Dutse,NG,11.7594,9.3392,75.92,83,80,4.16,light rain
561,Rembang,ID,-6.707,111.3498,76.1,89,45,6.13,scattered clouds
562,Oktyabrskiy,RU,54.4815,53.471,56.68,58,38,1.86,scattered clouds
563,Arco,IT,45.9177,10.8867,73.58,84,16,5.5,few clouds
564,Paita,PE,-5.0892,-81.1144,68.38,70,4,20.18,clear sky
565,Mareeba,AU,-17.0,145.4333,66.92,84,29,3.2,scattered clouds
566,Nantucket,US,41.2835,-70.0995,78.91,76,1,5.75,clear sky
567,Honningsvag,NO,70.9821,25.9704,57.09,72,11,13.6,few clouds
568,Almaznyy,RU,48.0448,40.045,69.94,63,94,4.0,overcast clouds
569,Langsa,ID,4.4683,97.9683,74.71,96,100,2.13,overcast clouds
570,Kyren,RU,51.6828,102.1408,51.98,84,2,1.92,clear sky
571,Skagen,DK,57.7209,10.5839,65.08,90,41,15.75,moderate rain
572,Muncar,ID,-8.4333,114.3333,73.92,92,40,1.81,scattered clouds
573,Sens,FR,48.1667,3.3333,58.33,62,100,5.88,overcast clouds
574,Pondicherry,IN,11.93,79.83,83.3,76,98,13.11,overcast clouds
575,Gizo,SB,-8.103,156.8419,81.57,71,38,4.38,scattered clouds
576,Worland,US,44.0169,-107.9554,96.89,17,12,17.0,few clouds
577,Innisfail,AU,-17.5333,146.0333,68.2,89,86,6.96,overcast clouds
578,Cabildo,AR,-38.4842,-61.8954,48.24,69,88,8.95,overcast clouds
579,Tazmalt,DZ,36.3868,4.3989,81.1,54,32,5.01,scattered clouds
580,Nkhotakota,MW,-12.9274,34.2961,68.5,58,0,6.26,clear sky
581,Lata,PT,40.1629,-8.3327,60.82,95,0,2.33,clear sky
582,Rio Rancho,US,35.2334,-106.6645,97.05,12,1,1.01,smoke
583,Preobrazheniye,RU,42.9019,133.9064,66.18,76,100,14.45,overcast clouds
584,Darhan,MN,49.4867,105.9228,53.1,79,3,2.51,clear sky
585,Margate,GB,51.3813,1.3862,60.91,82,30,1.99,scattered clouds
586,Mandi Bahauddin,PK,32.5834,73.4843,82.8,67,58,7.29,broken clouds
587,Sao Joao Da Barra,BR,-21.6403,-41.0511,69.73,79,29,13.49,scattered clouds
588,Batagay-Alyta,RU,67.8006,130.4114,68.22,29,18,0.65,few clouds
589,Kalabo,ZM,-14.97,22.6814,60.8,28,0,4.85,clear sky
590,Multan,PK,30.1956,71.4753,91.29,62,20,9.22,smoke
591,Pacific Grove,US,36.6177,-121.9166,94.01,76,1,1.99,clear sky
592,Matara,LK,5.9485,80.5353,76.87,90,92,10.18,overcast clouds
593,Cabo San Lucas,MX,22.8909,-109.9124,93.81,67,100,3.76,overcast clouds
594,Yarim,YE,14.298,44.3779,61.23,58,100,3.02,overcast clouds
595,Sur,OM,22.5667,59.5289,87.58,59,6,12.84,clear sky
596,Caruray,PH,10.3094,119.0128,80.13,85,99,2.95,overcast clouds
597,Calama,CL,-22.4667,-68.9333,58.12,10,82,8.75,broken clouds
598,Wenling,CN,28.3669,121.36,78.57,85,78,2.15,broken clouds
599,La Seyne-Sur-Mer,FR,43.0982,5.8847,76.05,67,0,1.01,clear sky
600,Sao Jose Da Coroa Grande,BR,-8.8978,-35.1478,74.23,85,77,8.95,light rain
601,Fox Lake,US,42.3967,-88.1837,89.58,70,93,7.0,overcast clouds
602,Papetoai,PF,-17.4961,-149.8729,78.94,70,25,5.12,scattered clouds
603,Matata,NZ,-37.8833,176.75,48.15,54,76,13.49,broken clouds
604,Hazorasp,UZ,41.3194,61.0742,78.12,24,0,10.8,clear sky
605,Sindor,RU,62.8629,51.8905,47.93,89,96,3.11,overcast clouds
606,Orotukan,RU,62.2667,151.7,55.42,66,73,3.22,broken clouds
607,Suntar,RU,62.1444,117.6319,60.01,95,81,2.01,broken clouds
608,Ixtapa,MX,20.7,-105.2,88.23,74,40,5.01,scattered clouds
609,Kingman,US,35.1894,-114.053,102.29,13,1,12.66,clear sky
610,Katherine,AU,-14.4667,132.2667,53.92,76,3,6.91,clear sky
611,Broome,US,42.2506,-75.833,86.32,60,1,1.01,clear sky
612,Lazarev,RU,52.225,141.5131,53.4,79,100,4.43,overcast clouds
613,Chumikan,RU,54.7183,135.315,52.54,76,100,5.57,overcast clouds
614,Malpe,IN,13.35,74.7167,78.1,89,46,2.04,scattered clouds
615,Shelburne,CA,44.0787,-80.2041,76.68,78,100,8.61,overcast clouds
616,Lar,IN,26.2039,83.9717,81.36,87,98,4.79,overcast clouds
617,Jimalalud,PH,9.9797,123.1999,80.82,69,100,3.6,light rain
618,Tomatlan,MX,19.9333,-105.25,84.52,82,44,7.07,scattered clouds
619,Nara,JP,34.6851,135.8049,81.68,84,100,9.01,overcast clouds
620,Joensuu,FI,62.6012,29.7632,63.27,92,90,3.0,overcast clouds
621,Manyana,BW,-23.4,21.7167,60.19,22,0,8.59,clear sky
622,Teya,RU,60.3778,92.6267,54.05,88,75,3.31,broken clouds
623,Bodaybo,RU,57.8506,114.1933,56.32,99,100,2.26,light rain
624,Zhaotong,CN,27.3167,103.7167,65.25,98,100,3.78,light rain
625,Benito Juarez,MX,19.385,-99.165,69.39,82,90,10.36,overcast clouds
626,Kijang,KR,35.2442,129.2139,76.73,85,100,13.76,overcast clouds
627,Buzmeyin,TM,38.0507,58.2056,93.15,14,0,8.32,clear sky
628,Nogliki,RU,51.8333,143.1667,55.49,82,92,5.35,overcast clouds
629,Tailai,CN,46.3833,123.4,68.77,94,92,8.52,overcast clouds
630,Hohhot,CN,40.8106,111.6522,63.64,71,78,3.31,broken clouds
631,Sovetskiy,RU,61.3614,63.5842,59.81,95,100,7.05,overcast clouds
632,Tombouctou,ML,20.0,-3.0,100.24,16,12,16.87,few clouds
633,San Policarpo,PH,12.1791,125.5072,78.46,84,100,4.79,light rain
634,Hervey Bay,AU,-25.2986,152.8535,63.03,78,83,10.25,broken clouds
635,Tobane,BW,-21.95,27.9,60.17,54,2,4.54,clear sky
636,Sechura,PE,-5.5569,-80.8222,72.61,56,6,19.46,clear sky
637,Tukan,RU,53.8409,57.4552,51.19,93,5,3.49,clear sky
638,Uinskoye,RU,56.8817,56.5813,51.89,96,67,4.12,broken clouds
639,Santo Antonio Do Monte,BR,-20.0872,-45.2936,64.27,50,88,5.06,overcast clouds
640,Kayerkan,RU,69.3497,87.7602,52.45,76,0,7.31,clear sky
641,Kemptville,CA,45.0168,-75.641,81.95,82,99,4.0,overcast clouds
642,Salme,NP,28.0369,85.0942,64.69,92,100,1.16,overcast clouds
643,Marrakesh,MA,31.6315,-8.0083,75.27,53,0,4.61,clear sky
644,North Myrtle Beach,US,33.816,-78.68,88.25,79,11,1.99,few clouds
645,Chingirlau,KZ,51.095,54.0814,67.96,29,19,8.5,few clouds
646,Vanavara,RU,60.34,102.2797,55.06,64,100,2.33,overcast clouds
647,Rockland,US,41.1668,-74.0496,81.72,67,84,1.99,broken clouds
648,Mayo,US,38.8876,-76.5119,92.25,67,1,4.0,clear sky
649,Darnetal,FR,49.4453,1.1514,61.61,88,75,5.75,light rain
650,Moerai,PF,-22.4333,-151.3333,72.75,74,12,8.43,few clouds
651,Tacoronte,ES,28.4769,-16.4102,68.25,80,75,20.0,broken clouds
652,Grand-Lahou,CI,5.1367,-5.0242,75.47,89,74,11.56,broken clouds
653,Lobito,AO,-12.3481,13.5456,72.84,83,98,4.03,overcast clouds
654,Ust-Nera,RU,64.5667,143.2,68.36,45,6,4.27,clear sky
655,Nicoya,CR,10.1483,-85.452,79.57,86,93,2.13,light rain
656,Nizhniy Odes,RU,63.6445,54.856,44.83,98,98,4.27,overcast clouds
657,Belmonte,BR,-15.8631,-38.8828,70.84,80,46,10.25,scattered clouds
658,Grand-Santi,GF,4.25,-54.3833,79.65,75,96,2.37,overcast clouds
659,Perelyub,RU,51.8667,50.3667,74.1,44,98,8.25,overcast clouds
660,Dana Point,US,33.467,-117.6981,99.93,76,43,4.0,scattered clouds
661,Poum,NC,-20.2333,164.0167,69.67,62,66,20.62,broken clouds
662,Bari,IT,41.1177,16.8512,85.87,56,0,5.01,clear sky
663,Newport,GB,51.5877,-2.9984,60.85,89,48,12.75,scattered clouds
664,Weyburn,CA,49.6668,-103.8511,85.17,28,21,16.6,few clouds
665,Ginir,ET,7.1333,40.7,62.26,74,88,5.3,overcast clouds
666,Yeppoon,AU,-23.1333,150.7333,58.78,74,18,10.2,few clouds
667,Barcelos,PT,41.5388,-8.6151,65.91,86,100,6.4,overcast clouds
668,Beidao,CN,34.5686,105.8933,64.04,89,7,1.07,clear sky
669,Omsukchan,RU,62.5333,155.8,54.68,62,6,7.27,clear sky
670,Karmaskaly,RU,54.3709,56.1837,57.11,79,3,5.23,clear sky
671,Cruz Alta,BR,-28.6386,-53.6064,64.9,69,1,6.76,clear sky
672,Det Udom,TH,14.906,105.0784,77.58,90,84,4.45,light rain
673,Campbell River,CA,50.0163,-125.2446,72.59,61,20,1.01,few clouds
674,The Valley,AI,18.217,-63.0578,84.06,77,34,19.55,scattered clouds
675,Olavarria,AR,-36.8927,-60.3225,41.16,91,100,11.9,overcast clouds
676,Dali,CN,25.7,100.1833,65.23,95,100,4.03,moderate rain
677,Roseburg,US,43.2165,-123.3417,81.18,25,1,13.8,clear sky
678,Danjiangkou,CN,32.5428,111.5086,71.74,95,100,2.89,moderate rain
679,Huanan,CN,46.2167,130.5167,56.35,84,100,7.58,overcast clouds
680,Hawalli,KW,29.2833,47.9972,104.58,41,0,3.0,clear sky
681,Ochakiv,UA,46.6128,31.5498,64.54,61,1,14.32,clear sky
682,Abha,SA,18.2164,42.5053,71.8,46,73,5.21,broken clouds
683,Aloleng,PH,16.1307,119.7824,81.45,84,100,11.63,overcast clouds
684,Shuiji,CN,27.4214,118.345,77.36,91,99,1.79,overcast clouds
685,Cabra,ES,37.4725,-4.4421,80.04,36,0,1.01,clear sky
686,Noumea,NC,-22.2763,166.4572,69.78,56,75,11.61,broken clouds
687,Baracoa,CU,20.3467,-74.4958,83.64,72,11,7.65,few clouds
688,Yuanping,CN,38.7153,112.7575,61.61,92,0,0.85,clear sky
689,Phalombe,MW,-15.8064,35.6507,58.96,69,0,3.58,clear sky
690,Kendari,ID,-3.945,122.4989,72.07,94,33,2.59,scattered clouds
691,Miles City,US,46.4083,-105.8406,104.5,12,1,13.8,clear sky
692,Talikota,IN,16.4833,76.3167,76.23,82,26,14.94,scattered clouds
693,Lyuban,BY,52.7985,28.0048,63.34,94,89,6.42,overcast clouds
694,Ayan,RU,56.45,138.1667,56.14,53,4,4.7,clear sky
695,Pontevedra,ES,42.431,-8.6444,63.5,86,99,3.91,overcast clouds
696,Banyo,CM,6.75,11.8167,64.38,97,100,3.11,light rain
697,Raudeberg,NO,61.9875,5.1352,58.19,77,8,3.78,clear sky
